{"cameraMode":{"drawMode":0,"name":"Shaded","section":"Shading Mode"},"sceneLighting":false,"audioPlay":false,"sceneViewState":{"showFog":true,"showMaterialUpdate":false,"showSkybox":false,"showFlares":true,"showImageEffects":true,"showParticleSystems":true},"in2DMode":false,"pivot":{"x":-1.2210416793823243,"y":2.849425792694092,"z":12.789999961853028},"rotation":{"x":-0.11659844219684601,"y":-0.08628931641578675,"z":0.010169359855353833,"w":-0.9893713593482971},"size":10.536598205566407,"orthographic":false}