{"cameraMode":{"drawMode":0,"name":"Shaded","section":"Shading Mode"},"sceneLighting":false,"audioPlay":false,"sceneViewState":{"showFog":true,"showMaterialUpdate":false,"showSkybox":false,"showFlares":true,"showImageEffects":true,"showParticleSystems":true},"in2DMode":false,"pivot":{"x":0.000026941299438476563,"y":0.5989632606506348,"z":-1.8378190994262696},"rotation":{"x":-0.11659844219684601,"y":-0.08628931641578675,"z":0.010169359855353833,"w":-0.9893713593482971},"size":13.605390548706055,"orthographic":false}